<?xml version="1.0" encoding="UTF-8"?>
<!DOCTYPE mapper 
	PUBLIC "-//mybatis.org//DTD Mapper 3.0//EN"
   "http://mybatis.org/dtd/mybatis-3-mapper.dtd">
<mapper namespace="mapper.goods_image">
	
	<insert id="insertDetailImage">
		INSERT INTO tbl_goods_image (
			g_no, img_url, img_reg_date, img_mod_date
		) VALUES 
			<foreach collection="images" item="image" separator=",">
				( #{g_no}, #{image}, now(), now() )
			</foreach>
	</insert>
	
	<select id="selectImages" resultType="goodsImageVo" parameterType="long">
		SELECT * FROM tbl_goods_image WHERE g_no = #{g_no}
	</select>
	
	<delete id="deleteGoodsImage" parameterType="long">
		DELETE FROM tbl_goods_image 
		WHERE img_no=#{img_no}
	</delete>
	
	<update id="updateImage" parameterType="goodsImageVo">
		UPDATE tbl_goods_image
		SET img_url = #{img_url}
		WHERE img_no = #{img_no}
	</update>
	
	<insert id="insertImage" parameterType="goodsImageVo">
		INSERT INTO tbl_goods_image (g_no, img_url, img_reg_date, img_mod_date)
		VALUES (#{g_no}, #{img_url}, now(), now())
	</insert>
	
</mapper>
