<?xml version="1.0" encoding="UTF-8"?>
<beans:beans xmlns="http://www.springframework.org/schema/mvc"
	xmlns:xsi="http://www.w3.org/2001/XMLSchema-instance"
	xmlns:beans="http://www.springframework.org/schema/beans"
	xmlns:context="http://www.springframework.org/schema/context"
	xsi:schemaLocation="http://www.springframework.org/schema/mvc https://www.springframework.org/schema/mvc/spring-mvc.xsd
		http://www.springframework.org/schema/beans https://www.springframework.org/schema/beans/spring-beans.xsd
		http://www.springframework.org/schema/context https://www.springframework.org/schema/context/spring-context.xsd">

	<!-- DispatcherServlet Context: DispatcherServlet이 요청을 처리하는 데 필요한 설정을 정의 -->
	
	<!-- 어노테이션 활성화 : 개발자가 직접 관련된 Bean을 설정할 필요 없이 필요한 기본 설정을 자동으로 제공함 -->
	<annotation-driven />

	<!-- 정적 리소스가 있는 경로 지정 : css, js, image -->
	<resources mapping="/resources/**" location="/resources/" />
	<resources mapping="/goodsImg/**" location="file:///C:/goods/upload/" />
	
	<!-- InternalResourceViewResolver : Controller가 리턴하는 뷰 이름을 실제 JSP 파일로 변환함 -->
	<beans:bean class="org.springframework.web.servlet.view.InternalResourceViewResolver">
		<beans:property name="prefix" value="/WEB-INF/views/" />
		<beans:property name="suffix" value=".jsp" />
	</beans:bean>
	
	<!-- 기본 패키지에서 @Component, @Service, @Repository, @Controller와 같은 어노테이션이 붙은 클래스를 자동으로 스캔하고 빈으로 등록함 -->
	<context:component-scan base-package="com.mycompany.myshop" name-generator="com.mycompany.myshop.config.LibraryBeanNameGenerator" />
	
		
</beans:beans>
